Estate,EmpCode,Gender,DateofJoin,PAMACT
EST,2727,F,1/1/1972,A
EST,11211,M,2/27/1975,T
EST,29593,F,11/9/1972,A
EST,37774,F,5/2/1973,A
EST,37875,F,5/2/1973,A
EST,38178,F,1/29/1978,A
EST,38784,M,12/31/1979,A
EST,40602,F,1/23/1978,A
EST,41107,F,5/1/1973,A
EST,41309,F,12/31/1979,A
EST,42622,M,1/1/1978,A
EST,42723,M,1/1/1978,A
EST,42925,M,5/18/1977,A
EST,43632,M,5/18/1977,A
EST,43834,M,4/20/1977,A
EST,44440,F,12/31/1975,A
EST,45450,M,11/18/1977,A
EST,46763,M,11/18/1977,A
EST,47773,M,11/18/1977,A
EST,51914,F,1/1/1983,A
EST,52621,F,1/20/1983,A
EST,56560,F,1/1/1983,A
EST,59691,F,9/29/1980,A
EST,61408,F,2/27/1981,A
EST,62317,M,7/21/1981,A
EST,63428,F,4/27/1988,A
EST,63529,F,4/27/1983,A
EST,64236,F,1/1/1979,A
EST,64741,M,12/1/1988,A
EST,65751,F,12/1/1983,A
EST,65852,F,2/1/1983,A
EST,66256,F,1/21/1982,A
EST,66559,F,12/1/1983,A
EST,67064,F,2/28/1984,A
EST,67468,M,4/9/1979,A
EST,68175,F,7/1/1982,A
EST,68579,F,6/23/1987,A
EST,68680,M,11/20/1984,A
EST,68882,M,8/26/1987,A
EST,69589,M,11/20/1984,A
EST,69791,M,11/20/1984,A
EST,69993,M,8/26/1987,A
EST,70094,M,7/1/1972,A
EST,70195,M,6/30/1987,A
EST,70397,M,11/20/1984,A
EST,71003,M,8/27/1987,A
EST,71104,M,11/20/1984,A
EST,71205,M,6/7/1987,A
EST,71306,M,NULL,NULL
EST,71710,F,6/30/1987,A
EST,72316,M,8/26/1987,A
EST,72821,M,11/20/1984,A
EST,72922,M,11/20/1984,A
EST,73023,M,6/13/1988,A
EST,73124,M,6/14/1987,A
EST,73831,M,5/1/1973,A
EST,74033,M,9/12/1978,A
EST,74336,M,8/26/1987,A
EST,74639,M,5/30/1987,A
EST,74740,M,11/1/1991,A
EST,75043,F,6/15/1987,A
EST,75346,M,11/1/1991,A
EST,75851,F,10/16/1987,A
EST,76558,F,2/15/1988,A
EST,76659,M,2/15/1988,A
EST,77669,M,3/24/1988,A
EST,77871,M,3/24/1989,A
EST,78275,M,11/1/1991,A
EST,78477,M,12/1/1988,A
EST,78982,F,2/3/1988,A
EST,79487,M,8/8/1988,T
EST,79790,F,7/29/1988,A
EST,81608,M,12/27/1988,A
EST,81709,M,4/1/1997,A
EST,81810,M,12/27/1988,A
EST,82315,M,12/7/1988,A
EST,82416,M,5/12/1989,A
EST,84032,F,NULL,A
EST,84739,F,9/1/1989,A
EST,85143,M,9/20/1984,A
EST,85244,F,NULL,A
EST,85446,F,7/1/1989,A
EST,85951,F,2/14/1970,A
EST,86658,F,2/13/1990,A
EST,86860,F,4/21/1971,A
EST,87971,F,2/1/1984,A
EST,88072,F,7/1/1979,A
EST,88173,F,1/1/1985,A
EST,88779,F,3/30/1977,A
EST,89284,F,9/20/1984,A
EST,89385,F,11/3/1984,A
EST,89587,F,7/1/1971,T
EST,89688,F,1/5/1992,A
EST,89890,F,1/1/1990,A
EST,90193,F,9/28/1993,A
EST,90294,F,5/2/1990,A
EST,90395,F,1/1/1990,A
EST,90597,F,5/19/1979,A
EST,90698,F,9/12/1984,A
EST,91001,F,3/29/1995,A
EST,91809,F,11/23/1983,A
EST,92112,F,10/24/1997,A
EST,92213,F,11/18/1997,A
EST,92314,F,4/12/1998,A
EST,92516,F,9/1/1998,A
EST,92617,F,11/18/1998,A
EST,92920,F,9/1/1998,A
EST,93021,F,9/1/1998,A
EST,93425,F,3/12/1999,A
EST,93627,F,7/27/1999,A
EST,93829,M,4/1/2000,A
EST,94031,M,5/1/2002,A
EST,94132,M,5/1/2000,A
EST,94435,M,5/1/2000,A
EST,94839,M,5/1/2000,A
EST,94940,M,4/1/2000,A
EST,95041,M,5/1/2000,A
EST,95243,M,5/1/2000,A
EST,95647,M,5/1/2000,A
EST,96152,M,5/1/2000,A
EST,96354,F,5/1/2000,A
EST,96556,M,4/1/2000,A
EST,96859,F,5/1/2000,T
EST,97162,F,5/1/2000,A
EST,97566,F,5/1/2000,A
EST,97768,F,5/1/2000,A
EST,98071,F,5/1/2000,A
EST,98172,F,5/1/2000,A
EST,98273,M,5/1/2000,A
EST,98475,M,5/1/2000,A
EST,98879,M,5/1/2000,A
EST,99182,M,5/1/2000,A
EST,99283,M,5/1/2000,A
EST,99384,M,5/1/2000,A
EST,99586,F,5/1/2000,A
EST,99889,F,6/4/2001,A
EST,99990,F,10/1/2001,A
EST,100091,F,9/25/2001,A
EST,100192,F,12/15/2001,A
EST,102818,F,NULL,T
EST,103424,M,3/1/2001,A
EST,103525,M,3/1/2001,A
EST,103626,F,4/1/2002,A
EST,104838,M,3/1/2001,A
EST,104939,M,3/1/2001,A
EST,105040,M,3/1/2001,A
EST,105141,M,3/1/2001,A
EST,106252,M,5/1/2001,A
EST,106757,M,8/7/1980,A
EST,107161,F,2/1/2002,A
EST,107666,F,3/1/2001,A
EST,108676,F,3/1/2001,A
EST,109888,M,3/1/2001,A
EST,109989,F,3/1/2001,A
EST,110797,M,3/1/2001,A
EST,111100,M,8/1/2000,P
EST,111201,F,9/20/2002,T
EST,111504,F,3/21/2003,A
EST,111605,F,4/1/2003,A
EST,111807,F,10/13/2003,A
EST,111908,F,11/17/2003,A
EST,112110,F,2/1/2004,A
EST,112312,F,2/1/2004,A
EST,112413,F,2/1/2004,A
EST,112514,F,2/1/2004,A
EST,112615,F,2/1/2004,A
EST,112716,F,2/1/2004,A
EST,113120,F,5/10/2004,A
EST,113221,F,2/16/2005,A
EST,113322,F,3/14/2005,A
EST,113423,F,4/4/2005,A
EST,113524,F,5/2/2005,A
EST,113625,M,5/2/2005,A
EST,113726,M,5/1/2005,A
EST,113827,M,5/2/2005,A
EST,113928,M,5/2/2005,A
EST,114029,F,5/2/2005,A
EST,114130,F,5/2/2005,A
EST,114231,F,5/2/2005,A
EST,114332,F,5/2/2005,A
EST,114534,F,5/2/2005,A
EST,114635,F,5/2/2005,A
EST,114736,F,5/2/2005,A
EST,115039,F,5/2/2005,A
EST,115443,F,5/2/2005,A
EST,115544,F,5/2/2005,A
EST,115847,F,5/2/2005,A
EST,115948,M,5/2/2005,A
EST,707000,M,1/1/2002,A
EST,707101,M,1/1/2002,A
EST,707202,M,2/1/2002,T
EST,3030303,M,NULL,A
EST,3030404,M,NULL,A
EST,101,M,1/1/1980,T
EST,404,M,4/1/1986,A
EST,1616,F,10/16/1970,A
EST,3030,M,12/1/1968,T
EST,3131,F,3/1/1985,T
EST,3737,F,4/15/1986,A
EST,4242,F,11/13/1985,T
EST,4848,M,4/15/1986,T
EST,4949,F,7/6/1973,T
EST,5656,F,2/1/1980,A
EST,6464,F,9/1/1980,T
EST,6565,M,7/14/1972,T
EST,6868,F,11/4/1975,T
EST,7070,F,12/8/1970,T
EST,7474,F,5/30/1985,A
EST,9696,F,2/1/1985,T
EST,9999,M,2/1/1985,T
EST,10908,M,4/28/1973,A
EST,12322,F,9/1/1973,A
EST,13029,F,10/2/1975,T
EST,13534,F,9/25/1986,T
EST,13635,M,NULL,NULL
EST,13736,M,3/13/1972,A
EST,13837,F,12/10/1975,T
EST,13938,M,1/1/1967,T
EST,14241,F,1/1/1975,T
EST,579437,F,10/13/1969,T
EST,579538,M,2/17/1983,T
EST,808606,F,12/31/1976,T
EST,808808,F,2/1/1985,T
EST,812141,F,5/17/1986,A
EST,817898,F,12/31/1973,T
EST,818201,M,1/1/1980,T
EST,818100,M,2/19/1957,T
EST,810020,F,6/9/1971,T
EST,820928,F,5/27/1986,T
EST,819716,F,4/1/1983,T
EST,818605,M,7/1/1983,T
EST,818706,F,4/1/1985,T
EST,819009,F,11/17/1968,A
EST,821736,F,1/1/1972,T
EST,817393,F,7/1/1972,T
EST,810626,F,12/31/1976,T
EST,823756,M,12/31/1976,A
EST,824968,F,11/9/1972,A
EST,822241,M,11/17/1968,T
EST,826079,F,12/31/1970,T
EST,826281,F,11/1/1972,T
EST,826887,M,1/1/1980,T
EST,824362,F,2/2/1972,T
EST,824766,M,2/27/1975,T
EST,810828,F,3/22/1986,T
EST,819514,M,5/17/1975,A
EST,825170,F,12/31/1979,A
EST,819110,F,1/1/1978,T
EST,824160,F,1/21/1975,T
EST,578427,F,11/18/1977,T
EST,817999,F,12/30/1977,A
EST,818807,F,4/20/1977,T
EST,819817,F,4/20/1977,T
EST,823150,F,5/1/1973,A
EST,215534,F,5/2/1977,T
EST,121402,M,1/1/1978,T
EST,121301,F,6/18/1977,A
EST,121503,F,1/1/1978,T
EST,124432,F,11/18/1977,A
EST,124735,F,12/31/1979,T
EST,124634,F,1/1/1983,A
EST,116251,M,1/1/1978,T
EST,117867,M,11/18/1977,T
EST,119988,F,NULL,NULL
EST,122109,F,12/31/1978,T
EST,116453,F,12/31/1967,T
EST,117463,M,8/2/1986,A
EST,122008,F,8/16/1997,T
EST,123826,F,1/1/1983,T
EST,124533,F,1/1/1983,A
EST,123220,F,1/1/1978,A
EST,121200,F,12/31/1978,T
EST,220685,M,NULL,NULL
EST,220786,F,1/18/1980,T
EST,215433,F,10/1/1970,A
EST,217857,F,11/18/1977,A
EST,206747,F,4/5/1981,T
EST,207454,F,8/20/1981,T
EST,213918,F,1/1/1971,T
EST,205333,F,2/1/1983,T
EST,205535,F,2/28/1984,A
EST,207757,F,4/9/1979,T
EST,208363,M,1/1/1987,A
EST,208464,M,12/31/1976,T
EST,208868,M,8/26/1987,T
EST,211999,M,11/20/1984,A
EST,214625,M,11/20/1984,T
EST,215130,M,11/20/1984,A
EST,215332,M,11/20/1984,T
EST,216948,M,12/31/1987,A
EST,218261,M,11/20/1984,T
EST,215837,F,12/16/1987,A
EST,207555,M,11/20/1984,A
EST,207959,F,8/26/1987,T
EST,209878,M,6/30/1987,A
EST,211393,F,6/24/1988,T
EST,211898,F,7/10/1987,T
EST,212504,F,8/26/1987,A
EST,212605,M,11/26/1987,A
EST,213009,F,11/25/1987,T
EST,213716,M,1/3/1988,A
EST,216039,M,11/1/1991,T
EST,216746,F,3/2/1988,T
EST,217453,F,4/22/1988,A
EST,218059,F,9/15/1977,T
EST,218463,M,6/25/1970,T
EST,218564,F,6/17/1976,T
EST,218766,F,9/29/1988,T
EST,218968,F,9/13/1989,A
EST,219069,F,10/11/1988,T
EST,219877,F,6/1/1980,T
EST,220180,M,12/27/1988,T
EST,220382,F,3/10/1988,T
EST,220483,M,5/12/1989,T
EST,205737,M,8/4/1989,T
EST,820120,F,5/1/2000,T
EST,579639,M,10/11/1989,T
EST,580346,F,1/5/1989,T
EST,583679,F,12/10/1990,A
EST,586204,F,6/13/1991,T
EST,587416,F,3/1/1971,A
EST,589840,M,3/1/1985,T
EST,590446,M,2/17/1983,A
EST,590648,F,6/11/1971,T
EST,1053430,M,8/1/1975,T
EST,1053632,M,1/1/1982,T
EST,1083730,F,6/24/1987,T
EST,1088881,F,10/13/1983,A
EST,1088982,F,9/1/1997,T
EST,1089083,F,9/1/1998,T
EST,1089184,F,9/1/1998,A
EST,1089285,F,NULL,A
EST,1089386,M,2/1/2000,T
EST,1090194,F,3/2/1999,T
EST,1092113,F,7/29/1999,T
EST,826180,F,2/1/2000,T
EST,121604,M,4/1/2000,A
EST,123018,M,5/1/2000,A
EST,123422,M,5/1/2000,T
EST,124331,M,5/1/2000,T
EST,1058581,M,5/1/2000,T
EST,1058682,M,4/1/2000,A
EST,1058985,M,5/1/2000,A
EST,1059591,M,4/1/2000,T
EST,1059894,M,5/1/2000,A
EST,1060399,M,5/1/2000,A
EST,1071307,M,5/1/2000,A
EST,1074135,M,5/1/2002,T
EST,1074236,M,4/1/2000,A
EST,1074539,F,5/1/2000,A
EST,1074640,F,5/1/2000,A
EST,1075448,F,5/1/2000,A
EST,1075852,F,5/1/2000,A
EST,1076054,F,5/1/2000,A
EST,1079791,F,5/1/2000,A
EST,1080902,F,NULL,NULL
EST,1081205,F,5/1/2000,A
EST,1081407,F,4/1/2000,A
EST,1085851,F,5/1/2000,A
EST,1086154,F,5/1/2000,A
EST,1086558,M,5/1/2000,A
EST,1087770,M,5/1/2000,T
EST,1087871,F,5/1/2000,T
EST,1092921,M,NULL,T
EST,707303,F,4/1/2000,A
EST,708414,M,3/1/2001,T
EST,1079387,F,2/1/2002,P
EST,1079488,F,NULL,T
EST,1079589,M,3/1/2001,T
EST,1088275,M,3/1/2001,T
EST,1088376,M,3/1/2001,T
EST,1088679,F,NULL,T
EST,1088780,F,NULL,T
EST,208161,F,4/5/2001,T
EST,208767,M,4/1/2002,T
EST,214928,F,NULL,T
EST,218362,M,3/1/2001,T
EST,219170,M,3/1/2001,T
EST,219473,F,4/24/2002,T
EST,219574,F,0984-12-13 00:00:00.0000000,A
EST,1054238,F,3/15/2003,A
EST,1059086,F,2/1/2004,A
EST,1071711,F,2/1/2004,A
EST,1072115,F,2/1/2004,A
EST,1072317,F,2/1/2004,A
EST,1072418,F,2/1/2004,A
EST,1073933,F,5/2/2005,A
EST,1076256,F,5/2/2005,A
EST,1081508,F,5/2/2005,A
EST,1081710,F,5/2/2005,A
EST,1081811,F,5/2/2005,A
EST,1082114,F,5/2/2005,A
EST,1082215,M,5/2/2005,A
EST,1085548,F,5/2/2005,A
EST,1085750,F,5/12/2005,A
EST,808101,M,7/14/2005,A
EST,808202,M,NULL,A
EST,811636,M,NULL,A
EST,812848,M,NULL,A
EST,812949,F,6/1/2002,A
EST,814969,F,6/1/2002,A
EST,815070,F,6/1/2002,A
EST,816080,F,6/1/2002,A
EST,816686,F,6/1/2002,A
EST,816787,F,6/1/2002,A
EST,817696,F,6/1/2002,A
EST,818504,M,6/1/2002,A
EST,819312,M,6/1/2002,A
EST,820019,F,6/1/2002,A
EST,820423,F,6/1/2002,A
EST,821130,M,7/1/2002,I
EST,824463,M,7/1/2002,I
EST,824867,M,7/1/2002,I
EST,827190,F,8/6/2002,A
EST,827695,F,3/24/2003,A
EST,1073630,F,3/24/2003,A
EST,1073731,M,NULL,A
EST,1074337,F,3/24/2003,A
EST,1083831,F,3/24/2003,A
EST,1083932,M,3/1/2003,A
EST,1084033,M,3/1/2003,A
EST,6065353,M,3/1/2003,A
EST,824059,F,4/29/2003,A
EST,1096759,F,4/29/2003,A
EST,1096860,M,5/1/2003,A
EST,1096961,M,5/1/2003,A
EST,1097062,M,5/1/2003,A
EST,1097163,M,5/1/2003,A
EST,1414,M,5/1/2003,A
EST,1089689,M,5/1/2003,A
EST,1094941,M,6/1/2004,A
EST,1095042,M,6/1/2004,I
EST,1095143,M,6/1/2004,I
EST,1095244,M,NULL,A
EST,1095345,F,11/17/2004,A
EST,1095446,M,11/17/2004,A
EST,1095547,M,11/17/2004,A
EST,1095648,M,11/17/2004,A
EST,1095749,M,11/18/2004,A
EST,1095850,F,11/20/2004,A
EST,1095951,F,11/22/2004,A
EST,1096052,F,11/22/2004,A
EST,1096153,F,12/2/2004,A
EST,1096254,F,12/2/2004,A
EST,1096456,F,12/2/2001,A
EST,1096557,F,12/2/2004,A
EST,1096658,M,12/1/2004,A
EST,1097264,M,12/1/2004,A
EST,1097365,F,1/19/2005,A
EST,1097466,F,2/7/2005,A
EST,1097567,F,2/7/2005,A
EST,1097668,F,2/7/2005,A
EST,1097769,F,3/14/2005,A
EST,1094840,F,4/20/2005,A
EST,1097971,M,4/20/2005,A
EST,1098072,F,4/20/2005,A
EST,218665,F,4/20/2005,A
EST,215231,F,4/20/2005,A
EST,209171,F,4/20/2005,A
EST,220281,F,4/20/2005,A
EST,220584,F,4/20/2005,A
EST,1072216,F,4/20/2005,A
EST,1082013,F,4/20/2005,A
EST,1082316,M,4/20/2005,A
EST,1082619,F,5/6/2005,A
EST,1083629,F,5/6/2005,A
EST,124028,M,5/9/2005,A
EST,116958,M,5/10/2005,A
EST,119079,M,5/10/2005,A
EST,123119,M,5/10/2005,A
EST,1058783,M,5/10/2005,A
EST,1058884,M,5/10/2005,A
EST,1059793,M,5/10/2005,A
EST,1060096,M,5/10/2005,A
EST,1074438,F,5/10/2005,A
EST,1075650,F,6/1/2005,A
EST,1075751,F,6/10/2005,A
EST,1075953,F,7/19/2005,A
EST,1076357,M,NULL,A
EST,1080094,M,NULL,A
EST,1080195,F,NULL,A
EST,1080296,M,NULL,A
EST,1080498,M,NULL,A
EST,1083124,M,NULL,A
EST,1083528,M,NULL,A
EST,1085952,M,NULL,A
EST,1086053,M,NULL,A
EST,289365,M,12/11/1968,A
EST,296536,M,12/31/1969,A
EST,332593,M,8/12/1986,A
EST,342188,F,3/14/1957,A
EST,352793,M,11/22/1972,T
EST,359661,M,3/21/1975,A
EST,360671,M,3/21/1975,A
EST,361782,M,3/21/1975,A
EST,370771,M,5/19/1977,A
EST,371175,M,4/21/1977,A
EST,371781,M,5/19/1977,A
EST,371882,M,4/21/1977,A
EST,394405,M,8/7/1980,A
EST,407838,M,5/1/1978,A
EST,409959,F,3/7/1978,A
EST,415514,F,10/1/1978,A
EST,422988,F,6/11/1979,A
EST,425109,F,10/28/1979,A
EST,426422,F,7/14/1980,A
EST,433391,F,2/1/1981,A
EST,433492,F,1/1/1984,A
EST,433795,F,2/1/1982,A
EST,440966,M,6/4/1980,A
EST,447430,F,12/11/1984,A
EST,448440,F,2/1/1984,A
EST,450864,F,11/7/1984,A
EST,453086,F,9/6/1985,A
EST,457429,F,7/14/1986,A
EST,459146,F,2/28/1984,A
EST,463994,F,8/1/1989,T
EST,476114,M,11/13/1984,A
EST,476619,F,5/21/1986,A
EST,478033,M,3/11/1986,A
EST,479043,M,5/1/1987,A
EST,479144,M,11/1/1999,A
EST,480760,F,1/1/1988,A
EST,484800,F,12/4/1988,A
EST,485002,M,4/1/1987,A
EST,485103,M,4/27/1987,A
EST,488436,M,3/24/1988,A
EST,495506,M,8/29/1986,A
EST,496112,F,11/1/1988,A
EST,496213,M,11/1/1991,A
EST,496314,M,12/1/1988,A
EST,499748,M,2/5/1998,A
EST,500354,F,8/1/1989,A
EST,503889,F,8/3/1989,A
EST,510151,F,7/28/1990,A
EST,514595,F,2/1/1989,A
EST,518332,F,3/21/1975,A
EST,519241,M,6/1/1987,A
EST,519835,M,3/1/1988,A
EST,519746,F,5/1/1988,A
EST,519847,F,12/1/1988,A
EST,522877,F,8/1/1992,A
EST,524291,F,6/10/1993,A
EST,524897,F,1/10/1994,A
EST,525806,F,9/6/1994,A
EST,526109,F,11/28/1984,A
EST,526311,F,1/19/1995,A
EST,526412,F,12/16/1995,A
EST,528533,F,9/1/2000,T
EST,529846,F,9/1/1998,A
EST,530048,F,9/1/1998,A
EST,531159,F,1/2/1999,A
EST,531664,F,8/12/1999,A
EST,531967,F,11/11/1999,A
EST,537724,M,2/1/2000,A
EST,537825,M,2/1/2000,A
EST,538128,M,2/1/2000,A
EST,538633,M,2/1/2000,A
EST,538835,M,2/1/2000,A
EST,539239,M,2/1/2000,A
EST,539340,M,2/1/2000,A
EST,539441,M,2/1/2000,A
EST,539643,M,2/1/2000,A
EST,540047,F,2/1/2000,A
EST,547824,F,6/22/2000,A
EST,559237,F,2/14/2002,A
EST,563075,F,4/8/2002,A
EST,563277,F,4/8/2002,A
EST,563378,F,4/1/2002,A
EST,563479,F,4/1/2002,A
EST,568327,M,NULL,A
EST,571458,F,2/20/2004,A
EST,577316,F,6/13/2005,A
EST,1013737,M,10/1/2002,A
EST,2020707,M,NULL,A
EST,2020808,M,NULL,A
EST,2020909,M,NULL,A
EST,2021010,M,NULL,A
EST,1086356,M,3/23/1986,T
EST,1086457,F,3/1/1986,A
EST,1086861,F,11/30/1968,T
EST,1086962,F,12/1/1968,A
EST,1087164,M,4/1/1971,A
EST,1087265,M,12/1/1968,A
EST,1087366,F,8/20/1980,A
EST,1087467,F,12/29/1970,T
EST,1087568,F,11/22/1972,A
EST,820827,M,11/22/1972,T
EST,823958,F,2/12/1973,T
EST,822746,F,8/28/1975,A
EST,822039,F,8/1/1974,A
EST,826382,F,3/21/1975,A
EST,811838,F,3/21/1975,A
EST,580245,F,3/21/1975,A
EST,580447,M,3/21/1975,A
EST,587113,M,3/21/1975,A
EST,587315,F,3/21/1975,T
EST,588123,F,1/3/1977,A
EST,580043,F,1/10/1972,A
EST,580548,M,11/20/1972,T
EST,577619,M,5/19/1977,A
EST,580649,M,5/19/1977,A
EST,581053,M,3/21/1975,A
EST,581659,M,5/19/1977,A
EST,582467,M,5/19/1977,A
EST,585093,M,5/19/1977,A
EST,588426,M,8/1/1980,T
EST,590547,M,11/12/1986,T
EST,577922,F,10/2/1978,A
EST,581558,F,10/2/1978,A
EST,582871,F,5/9/1978,A
EST,583578,F,6/26/1978,T
EST,585396,F,2/24/1981,A
EST,586305,F,6/26/1981,A
EST,584689,F,10/24/1983,A
EST,583477,F,12/1/1983,A
EST,586608,F,12/1/1983,T
EST,590244,F,12/1/1983,A
EST,590345,F,11/12/1986,A
EST,1083326,F,4/28/1987,A
EST,577720,F,5/21/1986,A
EST,578124,M,11/13/1984,T
EST,578225,M,11/13/1985,T
EST,578528,M,11/13/1984,T
EST,581255,M,11/13/1984,A
EST,808000,M,4/27/1987,T
EST,808303,M,11/1/1991,A
EST,808909,M,6/1/1987,A
EST,814363,F,5/12/1987,A
EST,580952,F,2/4/1988,A
EST,815171,F,2/25/1986,P
EST,817797,F,1/1/1990,T
EST,827291,M,1/22/1990,T
EST,811434,F,1/1/1990,T
EST,577821,M,3/1/1986,T
EST,579740,M,5/20/1986,A
EST,808505,F,1/1/1973,A
EST,808707,F,3/1/1986,T
EST,815272,F,8/15/1975,T
EST,818403,F,4/11/1978,A
EST,821938,F,5/25/1988,A
EST,822847,F,12/30/1992,T
EST,823453,F,11/28/1994,A
EST,825372,F,11/18/1987,T
EST,825473,F,9/1/1998,T
EST,827392,F,4/1/1998,T
EST,827493,F,9/1/1998,A
EST,827594,F,1/2/1999,A
EST,1035856,M,2/1/2000,T
EST,1076761,M,2/1/2000,A
EST,1076862,M,2/1/2000,T
EST,1076963,M,2/1/2000,A
EST,1077064,M,2/1/2000,T
EST,1077165,M,2/1/2000,T
EST,1077266,M,2/1/2000,A
EST,1077367,M,2/1/2000,A
EST,1077468,M,2/1/2000,T
EST,1077569,M,2/1/2000,T
EST,1077670,M,2/1/2000,T
EST,1077771,M,2/1/2000,T
EST,1077872,F,2/1/2000,A
EST,1077973,F,2/1/2000,T
EST,1078074,F,2/1/2000,T
EST,1078175,F,2/1/2000,A
EST,1078276,F,2/1/2000,T
EST,1078377,F,2/1/2000,A
EST,1078478,F,2/1/2000,T
EST,1078579,F,2/1/2000,T
EST,1078680,F,2/1/2000,T
EST,1078781,F,9/1/2000,A
EST,1078882,M,11/3/2001,A
EST,1079084,M,11/3/2001,A
EST,1079286,M,11/3/2001,A
EST,1083427,M,11/3/2001,A
EST,1084134,M,11/3/2001,A
EST,1084235,M,11/3/2011,A
EST,1084336,M,11/3/2001,A
EST,1084437,M,11/3/2001,A
EST,1084538,M,11/3/2001,A
EST,1084639,M,NULL,T
EST,1084740,M,NULL,A
EST,1084841,M,NULL,T
EST,1084942,M,NULL,A
EST,1085043,M,NULL,T
EST,1085144,M,NULL,A
EST,1085346,M,NULL,T
EST,707505,M,NULL,A
EST,709929,M,NULL,T
EST,579033,M,NULL,A
EST,579134,M,NULL,A
EST,116756,F,4/1/2002,T
EST,117968,F,4/9/2002,T
EST,120190,M,4/10/2002,T
EST,121806,M,1/4/2004,T
EST,122614,F,2/20/2004,T
EST,122917,M,4/1/2004,T
EST,123321,F,12/1/2004,A
EST,123523,F,6/13/2005,A
EST,123624,F,6/13/2005,A
EST,123725,M,5/1/2003,A
EST,123927,M,5/1/2003,A
EST,1040906,M,5/1/2003,A
EST,1045754,F,6/1/2002,A
EST,1045855,F,6/1/2002,T
EST,1045956,M,10/1/2002,A
EST,1046057,M,NULL,A
EST,1046158,F,11/21/2002,A
EST,1046259,M,NULL,A
EST,1046360,M,3/1/2003,A
EST,1046461,M,5/1/2003,A
EST,1046562,M,5/1/2003,A
EST,1046663,M,6/1/2004,A
EST,1046764,M,6/1/2004,A
EST,1046865,M,NULL,A
EST,1047572,M,12/1/2004,A
EST,1049390,M,12/1/2004,A
EST,1049491,M,NULL,A
EST,1049592,M,NULL,A
EST,1049794,M,NULL,A
EST,1051208,M,NULL,A
EST,1051511,M,NULL,A
EST,1051814,M,NULL,A
EST,1051915,M,NULL,A
EST,1052218,M,NULL,A
EST,214322,M,3/18/1975,A
EST,284719,F,11/2/1968,A
EST,300172,M,1/1/1970,A
EST,350672,M,3/18/1975,A
EST,362792,M,5/12/1975,A
EST,387436,M,6/1/1973,A
EST,389860,M,5/8/1977,A
EST,390466,M,5/18/1977,A
EST,390971,M,5/18/1977,A
EST,391476,M,5/18/1977,A
EST,391880,M,11/17/1977,A
EST,391981,M,11/17/1977,A
EST,392486,M,7/8/1980,A
EST,392587,M,8/1/1980,A
EST,411171,M,8/16/1978,A
EST,411272,M,8/16/1978,A
EST,414504,M,9/13/1978,A
EST,416322,M,3/31/1979,A
EST,416423,M,3/31/1979,A
EST,416625,M,3/31/1979,A
EST,416827,M,3/31/1979,A
EST,417332,M,3/31/1979,A
EST,425412,F,1/5/1980,A
EST,431371,F,10/5/1981,A
EST,435613,F,2/1/1982,A
EST,438239,F,5/28/1981,A
EST,439552,F,NULL,A
EST,440865,F,2/24/1983,A
EST,441471,F,10/10/1983,A
EST,441774,F,12/1/1983,A
EST,441875,F,12/1/1983,A
EST,444501,F,10/10/1985,A
EST,449349,F,5/16/1984,A
EST,449551,F,3/12/1984,A
EST,450258,F,10/1/1984,A
EST,451773,F,2/18/1971,A
EST,452985,F,9/5/1985,A
EST,453894,F,2/20/1986,A
EST,454399,F,5/26/1986,A
EST,457833,M,9/10/1986,A
EST,458742,M,11/12/1986,A
EST,458944,F,2/16/1987,A
EST,459045,F,4/24/1987,A
EST,460863,F,5/21/1986,A
EST,461772,M,11/20/1984,A
EST,461974,M,11/20/1984,A
EST,462277,M,11/20/1984,A
EST,462378,M,11/20/1984,A
EST,462984,M,11/20/1984,A
EST,463287,M,11/20/1984,A
EST,463792,M,4/24/1987,A
EST,464095,M,4/8/1987,A
EST,464903,F,4/24/1987,A
EST,465509,M,4/24/1987,A
EST,465812,M,5/21/1987,A
EST,466317,M,5/10/1987,A
EST,466822,M,11/20/1987,A
EST,482679,F,10/22/1987,A
EST,483184,F,11/16/1987,A
EST,486921,F,6/2/1988,A
EST,494193,M,10/3/1988,A
EST,495001,F,1/4/1989,A
EST,496415,F,11/18/1988,A
EST,502576,F,5/31/1989,A
EST,508333,F,2/14/1990,A
EST,508737,M,9/2/1989,A
EST,509343,F,4/16/1990,A
EST,509646,F,6/28/1990,A
EST,509747,F,6/28/1990,A
EST,509848,F,7/24/1990,A
EST,512272,F,12/1/1991,T
EST,513181,F,6/24/1991,A
EST,513383,F,8/22/1991,A
EST,513787,F,9/18/1991,A
EST,514090,F,10/28/1991,A
EST,514292,F,4/4/1972,A
EST,515605,M,3/31/1979,A
EST,516211,M,12/24/1980,A
EST,516817,M,3/18/1975,A
EST,517524,F,2/22/1989,A
EST,522372,F,7/8/1972,A
EST,523079,F,9/1/1992,A
EST,524089,F,NULL,A
EST,526513,F,7/5/1991,A
EST,527220,F,8/20/1975,A
EST,527624,F,5/21/1986,A
EST,529240,F,9/1/1988,A
EST,529442,F,9/1/1998,A
EST,529543,F,9/1/1998,A
EST,532270,F,2/1/2000,A
EST,532876,F,2/1/2000,A
EST,532977,F,2/1/2000,A
EST,533179,F,2/1/2000,A
EST,533280,F,2/1/2000,A
EST,533482,F,2/1/2000,A
EST,533583,F,2/1/2000,A
EST,533886,F,2/1/2000,A
EST,534088,M,2/1/2000,A
EST,534290,F,2/1/2000,A
EST,534391,F,2/1/2000,A
EST,534694,F,2/1/2000,A
EST,534997,F,2/1/2000,A
EST,535805,F,2/1/2000,A
EST,536209,F,7/1/2001,A
EST,537017,M,7/1/2001,A
EST,550753,F,NULL,A
EST,551258,F,7/1/2001,A
EST,552066,M,7/1/2001,A
EST,552874,F,1/1/2002,A
EST,555197,M,7/1/2001,T
EST,558833,F,NULL,A
EST,559338,F,2/20/2002,A
EST,561661,M,NULL,A
EST,561762,F,4/1/2002,A
EST,566408,F,6/10/2002,A
EST,566610,M,6/10/2002,A
EST,567216,F,6/20/2002,A
EST,567519,F,6/20/2002,A
EST,567620,F,6/20/2002,A
EST,569034,F,11/14/2002,A
EST,569135,F,12/1/2002,A
EST,571256,F,4/1/2004,A
EST,572165,F,4/20/2005,A
EST,572367,F,4/20/2005,A
EST,572468,F,4/20/2005,A
EST,572670,F,4/20/2005,A
EST,572771,F,4/20/2005,A
EST,572872,F,4/20/2005,A
EST,573276,F,4/20/2005,A
EST,573478,F,4/20/2005,A
EST,573579,F,4/20/2005,A
EST,573680,F,4/20/2005,A
EST,574185,F,4/20/2005,A
EST,574387,F,4/20/2005,A
EST,2021111,M,NULL,A
EST,2021313,M,NULL,A
EST,1052319,F,NULL,NULL
EST,1052420,F,2/17/1983,T
EST,1052521,F,12/1/1968,T
EST,1052622,M,3/1/1986,A
EST,1055652,F,9/1/1969,A
EST,1056258,F,7/5/1969,A
EST,1056359,M,2/1/1973,A
EST,1056460,M,11/2/1968,A
EST,1056561,M,11/2/1968,A
EST,1059187,M,11/2/1968,A
EST,1059288,F,4/15/1971,A
EST,1059389,F,4/16/1971,T
EST,1059490,F,6/1/1973,A
EST,1059692,M,5/17/1970,T
EST,1059995,F,6/17/1970,T
EST,1060197,F,6/1/1973,T
EST,1060298,F,1/1/1972,A
EST,578326,F,6/22/1972,T
EST,707404,F,8/7/2000,T
EST,707606,F,5/29/1973,A
EST,707707,F,6/1/1974,A
EST,707808,F,3/18/1975,A
EST,708010,F,3/18/1975,T
EST,708111,F,3/18/1975,A
EST,708212,F,6/13/1977,T
EST,708515,F,1/27/1977,A
EST,708616,F,7/15/1977,A
EST,708717,F,11/5/1977,T
EST,708818,F,4/18/1977,A
EST,1047471,F,4/18/1977,T
EST,1047673,M,11/17/1977,A
EST,1047774,F,1/12/1978,T
EST,1047875,F,4/4/1978,A
EST,1047976,F,4/7/1978,A
EST,1052723,F,3/6/1978,A
EST,1052824,M,3/1/1978,A
EST,1052925,F,8/16/1978,A
EST,1053026,M,9/13/1978,A
EST,1053127,F,3/31/1979,A
EST,1055450,F,1/1/2001,A
EST,1055551,M,12/19/1980,A
EST,1056056,M,12/17/1980,T
EST,1056157,F,2/1/2001,A
EST,219978,F,1/7/1982,A
EST,215736,F,9/6/1989,A
EST,219675,F,2/16/1983,T
EST,219776,F,2/16/1983,A
EST,820625,F,5/21/1987,T
EST,814767,F,8/7/1992,A
EST,82012,F,12/1/1983,T
EST,498132,F,0200-04-05 00:00:00.0000000,T
EST,809515,F,12/1/1983,T
EST,811333,F,2/8/1984,A
EST,814060,F,4/10/1984,T
EST,815373,F,5/1/1985,A
EST,816181,F,7/9/1986,A
EST,816989,F,11/25/1986,A
EST,817090,F,4/28/1987,A
EST,818908,F,6/1/1973,A
EST,819211,F,6/6/1986,T
EST,819413,F,5/22/1986,A
EST,819805,M,11/20/1984,A
EST,819918,M,11/20/1984,T
EST,820221,M,11/20/1984,T
EST,820322,M,4/24/1987,T
EST,820524,M,4/24/1987,T
EST,820726,M,5/21/1987,T
EST,821029,F,6/17/1987,A
EST,821231,M,7/5/1986,A
EST,821332,M,12/1/1987,T
EST,821433,F,12/22/1987,A
EST,821534,F,2/10/1988,A
EST,821635,F,3/23/1988,A
EST,821837,F,8/29/1988,A
EST,1048077,F,8/29/1988,A
EST,1048279,M,9/1/1988,T
EST,1048481,F,9/1/1988,T
EST,1048582,M,11/18/1988,T
EST,1048683,M,12/9/1988,A
EST,1048784,F,1/31/1989,T
EST,1048885,F,1/5/1989,A
EST,1048986,F,3/28/2000,T
EST,1049087,F,4/7/1989,A
EST,1049188,F,9/5/1989,T
EST,1050097,F,10/17/1989,A
EST,1050501,F,9/6/1979,A
EST,1050602,F,6/1/1991,T
EST,1050804,F,3/1/1986,A
EST,1056763,F,6/15/1984,A
EST,6065151,F,2/11/1976,T
EST,6065252,F,3/9/1978,A
EST,582669,F,6/11/1987,A
EST,586507,M,8/2/1987,A
EST,587517,F,9/1/1972,A
EST,1045451,F,9/1/1998,T
EST,1045552,F,9/1/1998,T
EST,1053228,F,12/6/1999,T
EST,1053329,F,3/6/2000,A
EST,1053531,M,3/9/2000,A
EST,1053733,F,2/1/2000,T
EST,1053834,F,2/1/2000,T
EST,1053935,F,2/1/2000,P
EST,1054036,M,2/1/2000,T
EST,1055349,F,2/1/2000,T
EST,816888,M,2/1/2000,T
EST,208565,F,2/1/2000,A
EST,211292,F,2/1/2000,T
EST,215029,F,7/1/2001,A
EST,216342,F,2/1/2000,T
EST,217352,F,6/1/2005,I
EST,218160,M,7/1/2001,T
EST,220079,M,5/15/2000,A
EST,1047168,M,11/23/2000,T
EST,1047269,F,6/1/2001,T
EST,1047370,M,7/1/2001,T
EST,1049895,F,7/1/2001,T
EST,1051309,M,7/1/2001,T
EST,1054137,M,7/1/2001,T
EST,1054339,M,7/1/2001,T
EST,1054440,M,7/1/2001,A
EST,1054541,M,7/1/2001,T
EST,1054642,M,7/1/2001,A
EST,1054743,M,7/1/2002,A
EST,1054844,M,NULL,A
EST,1054945,M,7/1/2002,T
EST,1055046,M,7/1/2001,A
EST,1055147,M,7/1/2002,A
EST,1055248,M,7/1/2001,T
EST,1055753,M,7/1/2001,A
EST,1055854,F,7/1/2001,A
EST,1055955,M,7/1/2002,T
EST,1056662,M,7/1/2001,T
EST,710232,F,7/1/2001,T
EST,710434,F,7/1/2001,A
EST,709828,M,7/1/2001,A
EST,710131,M,7/1/2001,T
EST,710333,F,7/1/2001,A
EST,709020,F,7/1/2001,A
EST,709121,F,NULL,A
EST,710030,F,7/1/2001,T
EST,1083225,M,7/1/2001,T
EST,1088477,M,NULL,T
EST,1088578,F,10/1/2001,A
EST,1060500,F,1/1/2002,T
EST,1060601,F,1/1/2002,T
EST,1060702,F,3/7/2002,A
EST,1060803,M,NULL,A
EST,1060904,M,1/1/2002,A
EST,1061005,F,NULL,T
EST,1071206,F,3/25/2002,A
EST,124129,F,6/10/2002,T
EST,124230,F,6/10/2002,T
EST,1071408,M,6/10/2002,T
EST,1071509,M,6/20/2002,A
EST,1071610,F,6/20/2002,T
EST,1074741,M,6/20/2002,T
EST,1074842,M,6/20/2002,T
EST,1074943,F,4/20/2005,A
EST,1075044,F,4/20/2005,A
EST,1071812,F,4/20/2005,A
EST,823554,F,4/20/2005,A
EST,822140,F,4/20/2005,A
EST,823352,F,4/20/2005,A
EST,824665,F,4/20/2005,A
EST,823049,F,4/20/2005,A
EST,826988,F,4/20/2005,A
EST,827089,F,4/20/2005,A
EST,825877,F,4/20/2005,A
EST,825776,F,4/20/2005,A
EST,822645,F,4/20/2005,A
EST,823251,F,6/1/2005,A
EST,823655,F,6/1/2002,A
EST,823857,F,5/1/2002,A
EST,824261,M,NULL,A
EST,824564,M,NULL,A
EST,825069,M,NULL,A
EST,825271,M,NULL,A
EST,825574,F,5/1/2002,A
EST,825675,F,5/1/2002,A
EST,825978,F,5/1/2002,A
EST,826584,F,5/1/2002,A
EST,826685,F,5/1/2002,A
EST,826786,F,5/1/2002,A
EST,828099,F,5/1/2002,A
EST,124836,F,5/1/2002,A
EST,710535,F,5/1/2002,A
EST,710636,F,5/1/2002,A
EST,710737,M,NULL,A
EST,710838,F,NULL,A
EST,710939,M,9/1/2003,A
EST,711040,F,NULL,A
EST,711141,M,11/10/2002,A
EST,711242,M,11/10/2002,A
EST,711444,M,11/10/2002,A
EST,1093830,M,11/10/2002,A
EST,1099991,M,11/10/2002,A
EST,1098880,M,11/10/2002,A
EST,1104738,M,11/10/2002,A
EST,1104839,F,11/10/2002,A
EST,1104940,M,NULL,A
EST,1105041,M,NULL,A
EST,1105142,M,5/1/2003,A
EST,1105243,M,5/1/2003,A
EST,1105344,M,5/1/2003,A
EST,1105445,M,5/1/2003,A
EST,1105546,M,5/1/2003,A
EST,1105647,M,5/1/2004,A
EST,1105748,M,6/1/2004,A
EST,1106051,M,6/1/2004,A
EST,1106152,M,6/1/2004,A
EST,1106253,F,11/17/2004,A
EST,1106354,F,11/18/2004,A
EST,1106455,F,11/18/2004,A
EST,827796,F,11/19/2004,A
EST,827897,F,11/19/2004,A
EST,827998,F,11/21/2004,A
EST,828200,F,11/22/2004,A
EST,828402,F,11/22/2004,A
EST,828503,F,11/22/2004,A
EST,828604,F,11/23/2004,A
EST,828705,F,12/2/2004,A
EST,828806,F,12/6/2004,A
EST,828907,F,12/7/2004,A
EST,829008,M,12/1/2004,A
EST,1091103,M,12/1/2004,A
EST,1093426,M,12/1/2004,A
EST,1093931,F,1/5/2005,A
EST,1098274,M,2/1/2005,A
EST,1098375,M,NULL,A
EST,1098476,M,NULL,A
EST,1098678,M,NULL,A
EST,1098779,M,NULL,A
EST,1098981,M,NULL,A
EST,124937,M,NULL,A
EST,125038,M,NULL,A
EST,125139,F,NULL,A
EST,125240,M,NULL,A
EST,73730,M,11/15/1979,A
EST,79083,F,7/8/1980,A
EST,79184,M,7/8/1980,A
EST,79386,M,1/1/1980,A
EST,79588,M,1/1/1988,A
EST,85042,M,10/1/1981,A
EST,86254,M,10/1/1981,A
EST,91304,F,7/1/1984,A
EST,97970,F,7/1/1989,A
EST,99788,F,12/8/1986,A
EST,101707,M,12/1/1989,A
EST,101808,M,12/1/1989,A
EST,102212,F,5/1/1987,A
EST,102313,F,1/1/1989,A
EST,103828,F,1/1/1989,A
EST,104333,F,6/9/1989,A
EST,104535,F,6/1/1989,A
EST,105848,M,1/1/1984,A
EST,105949,F,1/1/1984,A
EST,106656,M,1/1/1984,A
EST,107060,M,1/1/1984,A
EST,107262,M,1/1/1984,A
EST,107363,F,1/1/1984,A
EST,107767,F,1/1/1984,A
EST,108070,F,1/1/1993,A
EST,108171,M,6/1/1987,A
EST,108979,F,12/18/1995,A
EST,109181,F,9/10/1998,A
EST,109282,F,9/10/1998,A
EST,109383,F,10/1/1998,A
EST,109787,F,7/19/1999,A
EST,110090,M,2/1/2000,A
EST,110393,M,2/1/2000,A
EST,116352,F,1/8/2002,T
EST,116857,F,1/8/2002,T
EST,117160,F,1/8/2002,A
EST,117261,F,1/8/2002,A
EST,117362,F,1/8/2002,A
EST,117766,F,1/8/2002,T
EST,118574,M,2/1/2000,T
EST,118675,F,10/1/2001,T
EST,118877,M,11/1/2001,A
EST,118978,M,11/30/2002,A
EST,119281,M,11/1/2001,A
EST,119382,M,11/1/2001,A
EST,119483,M,11/1/2001,A
EST,119685,M,11/1/2001,A
EST,119887,M,11/1/2001,A
EST,120089,M,11/1/2001,A
EST,120291,M,11/1/2001,A
EST,120392,M,11/1/2001,A
EST,120594,M,11/1/2001,A
EST,120695,F,11/1/2001,T
EST,120796,M,11/1/2001,A
EST,120897,F,11/1/2001,A
EST,121099,F,11/1/2001,A
EST,204929,F,12/1/2003,A
EST,205131,F,5/19/2005,A
EST,205232,F,5/19/2005,A
EST,505101,M,NULL,A
EST,505202,M,NULL,A
EST,505505,M,NULL,A
EST,505606,F,NULL,A
EST,505707,M,NULL,A
EST,125341,F,11/15/1979,T
EST,125442,M,12/10/1975,T
EST,125543,M,7/1/1980,A
EST,125644,M,7/1/1980,T
EST,125745,M,7/1/1980,A
EST,125846,M,1/8/1980,T
EST,590749,F,1/26/1985,A
EST,590850,M,12/1/1985,T
EST,590951,M,1/22/1986,T
EST,591052,M,2/1/1986,A
EST,591153,M,2/1/1967,A
EST,591254,M,2/1/1986,T
EST,591355,F,2/1/1967,T
EST,591456,F,9/14/1967,T
EST,591557,F,10/12/1967,T
EST,591658,F,7/23/1970,T
EST,220988,F,6/1/1970,A
EST,221089,F,3/3/1971,A
EST,221190,F,3/3/1971,T
EST,221291,F,5/23/1973,T
EST,221392,F,9/23/1976,A
EST,221493,M,11/15/1977,A
EST,221594,F,11/15/1977,A
EST,1075549,M,11/15/1977,A
EST,1076155,F,11/15/1977,T
EST,1092719,F,12/1/1977,A
EST,1103425,M,12/1/1977,A
EST,1099082,M,3/1/1978,T
EST,1099284,F,3/30/1978,A
EST,1088174,F,1/1/1979,A
EST,1092618,M,4/1/1979,T
EST,1093022,F,11/15/1975,A
EST,1089487,F,1/1/1980,A
EST,1089588,F,9/1/1988,A
EST,1089790,F,4/1/1980,A
EST,1089891,M,9/1/1988,A
EST,1089992,F,10/1/1981,A
EST,1090093,M,4/16/1981,T
EST,1090295,F,9/1/1981,A
EST,1090497,F,11/1/1983,A
EST,1090598,F,7/1/1984,T
EST,1092416,F,1/1/1985,A
EST,1093123,F,1/1/1985,T
EST,1092214,M,2/13/1985,A
EST,1092517,F,2/15/1986,A
EST,1093527,F,8/31/1987,T
EST,1093628,M,2/1/1989,A
EST,1092820,F,3/1/1989,A
EST,1093224,F,8/1/1989,A
EST,1093325,M,8/1/1989,A
EST,1076559,M,5/1/1987,T
EST,1076660,M,2/1/1989,T
EST,1103324,F,5/1/1987,T
EST,74134,F,3/8/1988,A
EST,708313,F,3/10/1988,A
EST,815575,F,3/10/1988,A
EST,118473,F,12/7/1988,T
EST,207252,F,3/1/1989,A
EST,209070,F,6/9/1989,A
EST,211090,F,3/1/1988,A
EST,211696,F,4/1/1992,A
EST,212403,M,4/8/1980,T
EST,212908,F,1/1/1984,A
EST,217150,F,3/1/1990,T
EST,217756,F,7/20/1987,A
EST,217958,F,6/1/1978,A
EST,583073,F,2/1/1983,A
EST,583275,F,6/11/1993,A
EST,586810,F,3/21/1994,A
EST,587012,F,10/16/1996,A
EST,587719,F,9/10/1998,T
EST,588527,F,9/10/1998,A
EST,588729,F,2/1/2000,A
EST,590042,M,2/1/2000,A
EST,590143,F,2/1/2000,T
EST,810222,F,2/1/2000,T
EST,812040,F,2/1/2000,A
EST,814868,F,2/1/2000,A
EST,815474,M,2/1/2000,A
EST,816585,F,2/1/2000,A
EST,817292,F,1/1/2000,T
EST,817595,M,2/1/2000,A
EST,1073832,F,2/1/2000,A
EST,1088073,M,2/1/2000,A
EST,1091204,M,1/8/2002,T
EST,1091709,F,11/1/2001,A
EST,1091305,F,1/8/2002,A
EST,1091608,M,11/1/2001,A
EST,1091911,M,11/1/2001,T
EST,1091002,M,11/1/2001,A
EST,1091507,M,11/1/2001,A
EST,1090699,F,11/1/2001,T
EST,1090800,F,1/8/2002,A
EST,1090901,F,1/8/2002,A
EST,1091406,F,1/8/2002,T
EST,1092012,M,1/8/2002,T
EST,1078983,F,1/8/2002,A
EST,1092315,F,1/8/2002,T
EST,1098577,F,11/23/2001,T
EST,1099183,F,11/27/2001,T
EST,1099688,M,1/8/2002,T
EST,1100092,F,1/8/2002,T
EST,1101102,F,1/8/2002,T
EST,1101607,F,1/8/2002,T
EST,1101708,M,1/8/2002,T
EST,1102011,F,1/8/2002,T
EST,1102516,M,1/8/2002,T
EST,1103223,F,1/8/2002,T
EST,1099587,M,1/8/2002,T
EST,1100496,M,1/8/2002,T
EST,1101001,M,1/8/2002,T
EST,1101506,M,1/8/2002,T
EST,1102415,M,1/8/2002,T
EST,1103122,F,1/8/2002,T
EST,1100193,F,1/8/2002,T
EST,1100698,F,2/1/2002,T
EST,1101203,F,11/18/1998,T
EST,1102718,F,2/1/2005,A
EST,1102920,M,NULL,A
EST,1099486,M,NULL,A
EST,1099890,M,5/1/2003,A
EST,1100395,M,5/1/2003,A
EST,1100900,M,5/1/2003,A
EST,1101405,M,5/1/2003,A
EST,1101910,M,NULL,A
EST,1102314,F,NULL,A
EST,1102617,M,NULL,A
EST,1102819,M,5/1/2003,A
EST,1103021,M,5/1/2003,A
EST,1099385,M,6/1/2004,A
EST,1099789,M,6/1/2004,A
EST,1100294,F,11/19/2004,A
EST,1100799,F,11/19/2004,A
EST,1101304,F,11/19/2004,A
EST,1101809,F,11/19/2004,A
EST,1102112,F,11/19/2004,A
EST,1102213,F,11/19/2004,A
EST,1100597,F,11/19/2004,A
EST,1079993,M,12/4/2004,A
EST,1098173,F,12/9/2004,A
EST,1083023,M,12/1/2004,A
EST,435310,M,12/1/2004,A
EST,462681,M,12/1/2004,A
EST,462883,F,1/18/2005,A
EST,463186,F,1/10/2005,A
EST,465206,F,2/1/2005,A
EST,482780,F,4/1/2005,A
EST,516514,M,4/4/2005,A
EST,525907,F,4/22/2005,A
EST,1075145,F,4/25/2005,A
EST,1075246,M,5/1/2005,A
EST,1075347,M,5/10/2005,A
EST,1065954,M,5/16/2005,A
EST,1080599,M,5/16/2005,A
EST,1080700,M,5/17/2005,A
EST,1080801,F,6/1/2005,A
EST,1086255,F,6/1/2005,A
EST,1086659,F,6/1/2005,A
EST,1086760,M,6/1/2005,A
EST,1087063,M,6/1/2005,A
EST,1081609,F,6/1/2005,A
EST,1081912,M,6/2/2005,A
EST,1082417,M,6/2/2005,A
EST,1082518,M,6/2/2005,A
EST,1082720,M,6/2/2005,A
EST,1082821,M,6/2/2005,A
EST,1082922,M,6/2/2005,A
EST,1079690,F,6/1/2005,A
EST,1079892,M,6/7/2005,A
EST,1080397,M,6/13/2005,A
EST,1081003,M,6/16/2005,A
EST,1081104,M,6/2/2005,A
EST,1081306,M,NULL,A
EST,1079185,M,NULL,A
EST,1076458,M,NULL,A
EST,1085245,F,NULL,A
EST,1085447,F,NULL,A
EST,1085649,M,NULL,A
EST,1093729,M,NULL,A
EST,1096355,M,NULL,A
EST,1094133,M,NULL,A
EST,1105849,M,NULL,A
EST,1105950,M,NULL,A
EST,826483,M,NULL,A
EST,1087669,M,NULL,A
EST,280780,M,4/15/1971,A
EST,300374,M,6/1/1973,A
EST,300475,M,6/1/1973,A
EST,301384,F,6/1/1979,A
EST,302394,F,6/1/1973,A
EST,310979,F,6/1/1973,A
EST,333502,F,1/11/1973,A
EST,352692,M,1/1/1979,A
EST,353096,M,1/1/1979,A
EST,353298,M,3/13/1975,A
EST,354712,M,1/1/1979,A
EST,362186,M,1/1/1979,A
EST,363499,M,1/1/1979,A
EST,378548,M,1/1/1979,A
EST,378851,M,1/1/1979,A
EST,378952,M,1/1/1979,A
EST,395920,M,11/16/1977,A
EST,396122,M,6/1/1981,A
EST,396324,M,11/16/1977,A
EST,396829,F,11/16/1977,A
EST,397637,M,6/1/1981,A
EST,398344,F,8/1/1980,A
EST,398546,F,7/1/1978,A
EST,398748,F,8/1/1980,A
EST,413090,F,1/22/1978,A
EST,417837,M,3/31/1979,A
EST,418443,F,6/1/1981,A
EST,419049,F,3/31/1979,A
EST,419865,M,3/31/1979,A
EST,420160,M,8/1/1980,A
EST,420564,F,12/16/1982,A
EST,421978,F,3/31/1979,A
EST,424099,F,1/5/1979,A
EST,425614,F,2/20/1980,A
EST,430260,F,6/29/1981,A
EST,432482,M,1/18/1982,A
EST,439047,F,4/3/1985,A
EST,439956,F,3/31/1983,A
EST,444703,F,12/1/1983,A
EST,445208,F,12/1/1983,A
EST,445713,F,10/6/1983,A
EST,447935,F,2/6/1984,A
EST,448238,F,5/17/1984,A
EST,449955,M,10/13/1984,A
EST,451167,F,11/12/1984,A
EST,452177,F,1/4/1985,A
EST,453490,F,11/1/1985,A
EST,453591,M,9/30/1985,A
EST,454601,F,3/5/1986,A
EST,454702,F,12/1/1985,A
EST,454904,F,2/20/1986,A
EST,455813,M,11/15/1984,A
EST,456015,M,10/13/1984,A
EST,457732,F,8/25/1986,A
EST,458136,F,10/22/1986,A
EST,458237,F,10/22/1986,A
EST,459449,F,4/30/1984,A
EST,459550,F,4/30/1986,A
EST,464499,F,4/24/1987,A
EST,467125,M,5/26/1996,T
EST,467327,M,10/13/1984,A
EST,467832,M,10/13/1984,A
EST,468034,M,10/13/1984,A
EST,468236,M,10/13/1986,A
EST,468842,M,10/13/1984,A
EST,469044,M,10/18/1984,A
EST,469145,M,10/13/1984,A
EST,469448,M,10/13/1984,A
EST,469549,M,10/13/1984,A
EST,469751,M,10/13/1984,A
EST,471771,M,3/1/1987,A
EST,472175,M,5/10/1987,A
EST,472478,M,5/1/1987,A
EST,472579,M,5/1/1987,A
EST,473286,M,5/1/1987,A
EST,474296,M,5/10/1987,A
EST,474599,F,5/1/1987,A
EST,474902,F,5/10/1987,A
EST,475104,F,5/1/1987,A
EST,475407,F,5/10/1987,A
EST,480053,M,10/1/1987,A
EST,480154,F,10/28/1987,A
EST,480255,M,7/1/1987,A
EST,480356,M,10/20/1987,A
EST,480457,F,11/16/1987,A
EST,480861,F,11/23/1987,A
EST,480962,F,11/1/1987,A
EST,481164,M,12/1/1987,A
EST,481568,M,12/10/1987,A
EST,481770,M,12/1/1987,A
EST,484194,F,1/1/1988,A
EST,484598,F,2/1/1988,A
EST,485305,F,11/19/1987,A
EST,485406,F,2/1/1988,A
EST,486820,F,5/13/1988,A
EST,489749,F,11/20/1984,A
EST,489951,F,11/6/1988,A
EST,490153,F,8/25/1988,A
EST,490456,M,8/31/1988,A
EST,491365,M,12/12/1988,A
EST,491567,M,9/1/1988,A
EST,492375,M,11/16/1988,A
EST,492678,F,11/1/1988,A
EST,492880,F,11/30/1988,A
EST,497223,F,3/2/1989,A
EST,499445,F,3/30/1989,A
EST,500556,F,5/25/1989,A
EST,500758,M,3/31/1989,A
EST,500960,F,5/31/1989,A
EST,504293,F,9/30/1989,A
EST,504899,F,8/29/1989,A
EST,506616,M,10/1/1989,A
EST,507828,F,9/1/1989,A
EST,507929,F,1/24/1990,A
EST,510252,F,10/10/1989,A
EST,511363,F,9/14/1990,A
EST,511464,F,9/19/1990,A
EST,511565,M,5/1/1990,A
EST,511969,F,9/12/1990,A
EST,512171,F,4/24/1987,A
EST,512373,F,12/16/1990,A
EST,512474,F,12/12/1990,A
EST,513888,F,9/20/1991,A
EST,515302,F,2/1/1992,A
EST,515403,F,7/1/1992,A
EST,520655,M,1/1/1979,A
EST,520756,M,4/15/1971,A
EST,521059,F,11/26/1981,A
EST,521160,F,5/17/1984,A
EST,521867,F,10/18/1975,A
EST,524493,F,10/8/1993,A
EST,524695,F,1/5/1994,A
EST,524796,F,1/5/1994,A
EST,525099,F,1/24/1994,A
EST,525200,F,2/22/1994,A
EST,525301,F,1/24/1994,A
EST,525402,F,7/11/1994,A
EST,525503,F,9/5/1994,A
EST,525604,F,9/5/1994,A
EST,525705,F,9/5/1994,A
EST,526816,F,10/9/1995,A
EST,527321,F,6/17/1996,A
EST,527523,F,7/1/1996,A
EST,527826,F,1/10/1997,A
EST,527927,M,5/2/1977,A
EST,530351,F,9/1/1998,A
EST,530553,F,9/1/1998,A
EST,530856,F,9/1/1998,A
EST,530957,F,9/1/1998,A
EST,531058,F,11/9/1998,A
EST,531462,F,5/18/1999,A
EST,531563,F,7/21/1999,A
EST,532472,F,2/1/2000,A
EST,541764,M,2/1/2000,A
EST,541865,M,2/1/2000,A
EST,542168,M,2/1/2000,A
EST,542370,M,2/1/2000,A
EST,542471,M,2/1/2000,A
EST,542572,M,2/1/2000,A
EST,542875,M,2/1/2000,A
EST,543380,F,2/1/2000,A
EST,543481,F,2/1/2000,A
EST,543683,M,2/1/2000,A
EST,543784,F,2/1/2000,A
EST,543986,M,2/1/2000,A
EST,544188,F,2/1/2000,A
EST,544390,F,2/1/2000,A
EST,544693,M,2/1/2000,A
EST,545198,F,1/1/2000,A
EST,545400,F,2/1/2000,A
EST,545602,M,2/1/2000,A
EST,545804,M,2/1/2000,A
EST,546814,F,2/1/2000,A
EST,547117,F,2/1/2000,A
EST,547218,F,2/1/2000,A
EST,547420,F,2/1/2000,A
EST,547521,M,2/1/2000,A
EST,547925,F,6/1/2000,A
EST,548026,M,6/1/2000,A
EST,548127,F,6/1/2000,A
EST,548531,M,6/1/2000,A
EST,549642,M,3/10/2001,A
EST,550147,M,3/10/2001,A
EST,554995,F,8/1/2000,A
EST,555096,F,8/1/2000,A
EST,557419,F,10/1/2001,A
EST,564792,F,6/1/2002,A
EST,566004,M,6/1/2002,A
EST,568630,F,9/1/2002,A
EST,568731,F,9/1/2002,A
EST,568832,F,9/1/2002,A
EST,568933,F,9/1/2002,A
EST,569236,M,12/12/2002,A
EST,569741,M,4/17/2003,A
EST,569842,F,6/23/2003,A
EST,570852,F,1/1/2003,A
EST,570953,F,1/12/2004,A
EST,574488,F,5/1/2005,A
EST,574791,F,5/1/2005,A
EST,574892,F,5/1/2005,A
EST,574993,F,5/1/2005,A
EST,575195,F,5/1/2005,A
EST,575498,F,5/1/2005,A
EST,575599,F,5/1/2005,A
EST,576104,F,5/1/2005,A
EST,576205,F,5/1/2005,A
EST,576710,F,6/1/2005,A
EST,1014747,F,11/15/2002,A
EST,1016464,F,2/1/2003,A
EST,1016666,F,4/1/2003,A
EST,1017171,F,2/1/2003,A
EST,1018181,M,3/31/2003,A
EST,1018888,F,4/29/2003,A
EST,1019191,F,4/29/2003,A
EST,1019292,F,4/29/2003,A
EST,6062121,M,NULL,A
EST,6062626,M,NULL,A
EST,6063030,M,NULL,A
EST,6063131,M,NULL,A
EST,6063232,M,NULL,A
EST,1087972,F,4/10/1989,A
EST,1091810,F,2/2/1980,T
EST,1094537,M,3/5/1975,T
EST,1094032,M,1/1/1980,T
EST,1094234,M,1/1/1980,P
EST,1094739,M,5/1/1980,P
EST,1094436,M,5/1/1980,P
EST,1094335,M,3/1/1985,A
EST,1071913,M,3/1/1985,A
EST,1072014,M,3/1/1985,A
EST,1072519,F,3/1/1985,T
EST,709222,F,6/19/1985,T
EST,709323,M,2/17/1983,T
EST,709424,F,12/12/1985,T
EST,709525,F,2/26/1983,T
EST,709626,M,1/1/1985,T
EST,709727,M,1/1/1968,T
EST,822342,M,1/1/1968,T
EST,822544,F,7/28/1986,T
EST,822948,F,7/2/1967,T
EST,1074034,F,8/8/1967,T
EST,419655,F,4/15/1971,A
EST,819615,F,4/15/1971,T
EST,519645,M,4/15/1971,A
EST,277851,M,4/15/1971,A
EST,278154,M,4/15/1971,A
EST,278457,M,4/15/1971,A
EST,278962,M,4/15/1971,T
EST,279164,F,4/15/1971,A
EST,279568,M,3/1/1995,A
EST,280982,M,4/15/1971,T
EST,293708,F,4/17/1969,T
EST,299768,M,6/1/1973,A
EST,299869,M,6/1/1973,A
EST,301283,F,6/1/1973,T
EST,301586,F,8/15/1973,T
EST,301788,F,6/1/1973,A
EST,302495,F,8/1/1974,T
EST,305222,F,3/4/1970,T
EST,309969,M,1/1/1979,T
EST,320170,F,3/23/1972,P
EST,320473,M,1/1/1979,T
EST,321988,F,6/12/1972,T
EST,327745,F,10/31/1972,T
EST,333906,F,3/2/1976,T
EST,335118,F,5/8/1973,A
EST,342794,F,9/25/1973,A
EST,343804,F,2/12/1994,P
EST,345521,F,9/1/1974,T
EST,346632,F,1/1/1979,A
EST,348248,M,1/1/1979,T
EST,353904,F,1/11/1978,A
EST,354813,M,1/1/1979,A
EST,355217,F,1/1/1979,A
EST,362994,M,1/1/1979,T
EST,364913,M,1/1/1979,T
EST,365317,F,8/18/1975,T
EST,366630,F,8/19/1972,A
EST,367842,F,1/1/1979,A
EST,368448,F,1/1/1979,A
EST,369660,F,3/16/1976,A
EST,369862,F,1/5/1979,A
EST,373498,F,8/1/1980,A
EST,374508,F,8/1/1980,A
EST,377841,M,1/1/1979,A
EST,378043,M,4/5/1971,T
EST,379053,M,1/1/1979,T
EST,396223,M,NULL,T
EST,397738,F,11/16/1977,A
EST,398849,M,11/16/1977,T
EST,400061,F,10/27/1977,A
EST,405818,F,1/1/1979,A
EST,406121,F,9/1/1984,T
EST,410464,F,2/20/1980,T
EST,410565,F,5/11/1978,A
EST,410666,F,5/15/1978,A
EST,412484,F,10/2/1978,T
EST,417736,M,1/1/1983,T
EST,419453,F,1/1/1983,T
EST,419857,F,3/31/1979,A
EST,420766,F,NULL,T
EST,424503,F,6/23/1979,A
EST,425008,F,6/1/1981,A
EST,425715,F,4/15/1971,P
EST,426018,F,5/15/1980,A
EST,426523,F,4/17/1969,T
EST,428341,F,5/26/1981,T
EST,429250,M,2/14/1981,T
EST,429856,F,8/10/1981,T
EST,430058,F,2/12/1981,A
EST,436118,F,8/9/1984,A
EST,436421,F,12/3/1980,T
EST,437128,F,2/10/1982,A
EST,437229,F,1/1/1983,A
EST,439855,F,3/26/1983,A
EST,440057,F,2/23/1983,A
EST,443188,F,8/1/1980,T
EST,443592,F,1/1/1983,A
EST,443895,F,12/1/1983,A
EST,445511,M,10/14/1983,A
EST,445612,F,10/16/1983,T
EST,445814,F,9/12/1983,T
EST,446521,F,1/1/1983,A
EST,448036,F,2/8/1984,A
EST,451066,F,12/14/1984,A
EST,451268,F,11/22/1984,T
EST,451369,F,12/13/1984,T
EST,452379,F,12/1/1983,A
EST,452581,F,6/26/1985,A
EST,452884,F,1/30/1985,T
EST,453187,F,1/4/1985,T
EST,454500,F,6/17/1986,T
EST,454803,F,3/5/1986,T
EST,455005,F,1/3/1986,A
EST,456419,F,3/3/1986,T
EST,460156,F,5/25/1989,T
EST,467630,M,10/13/1984,A
EST,467933,M,10/13/1984,A
EST,468135,F,10/12/1984,A
EST,468337,M,10/13/1984,T
EST,468539,M,10/13/1984,T
EST,469246,M,10/13/1984,A
EST,470458,F,5/22/1986,A
EST,470862,F,5/22/1986,T
EST,471165,F,3/1/1987,A
EST,471872,M,9/1/1988,T
EST,471973,F,2/1/1988,A
EST,472781,M,5/10/1987,T
EST,472983,M,5/10/1987,T
EST,473185,M,5/10/1987,T
EST,473488,M,5/10/1987,A
EST,473791,M,6/1/1987,A
EST,473993,M,5/1/1987,T
EST,474397,F,10/8/1988,A
EST,474498,F,5/1/1987,A
EST,481265,M,5/10/1987,A
EST,481669,M,12/1/1987,A
EST,484295,F,1/10/1988,P
EST,484497,F,2/1/1988,A
EST,485709,M,3/8/1988,A
EST,489850,F,11/10/1987,A
EST,490052,M,7/10/1988,T
EST,490557,F,4/4/1988,A
EST,490759,F,8/26/1988,T
EST,490860,F,12/10/1988,T
EST,492072,M,9/3/1968,T
EST,493082,F,9/9/1988,A
EST,494597,M,11/18/1988,A
EST,496516,F,NULL,T
EST,497425,M,5/2/1989,T
EST,498031,F,1/1/1989,A
EST,498637,F,4/18/1989,A
EST,498940,F,5/4/1989,A
EST,499344,F,4/10/1989,A
EST,501162,F,6/9/1989,T
EST,501566,F,5/10/1989,T
EST,507323,F,10/6/1989,A
EST,512070,F,10/26/1990,T
EST,515201,F,7/1/1992,T
EST,519948,M,1/1/1980,A
EST,520150,F,7/1/1975,T
EST,520352,M,1/1/1968,A
EST,520453,F,2/28/1979,A
EST,520857,F,6/7/1974,A
EST,520958,F,11/3/1978,T
EST,521261,F,5/23/1984,A
EST,521463,F,3/19/1973,A
EST,521766,M,3/1/1985,A
EST,522170,F,5/1/1987,A
EST,524998,F,2/1/1994,T
EST,526715,F,10/2/1995,A
EST,528331,F,12/20/1997,A
EST,528432,M,3/1/1995,T
EST,528735,F,7/1/1998,A
EST,530452,F,9/1/1998,A
EST,531361,F,4/12/1999,A
EST,531866,F,9/17/1999,A
EST,532068,M,6/24/1999,T
EST,532371,M,1/10/2000,T
EST,532775,M,3/9/2000,T
EST,541986,M,2/1/2000,T
EST,542067,M,2/1/2000,A
EST,542269,M,2/1/2000,T
EST,542673,M,2/1/2000,T
EST,542774,M,2/1/2000,T
EST,542976,M,2/1/2000,T
EST,543077,M,2/1/2000,A
EST,543178,M,2/1/2000,T
EST,543279,F,2/1/2000,T
EST,543885,F,2/1/2000,A
EST,544087,F,2/1/2000,T
EST,544289,M,2/1/2000,T
EST,544491,F,2/1/2000,T
EST,544794,M,2/1/2000,T
EST,544996,M,2/1/2000,T
EST,545097,M,1/1/2000,T
EST,545501,M,2/1/2000,T
EST,545703,M,2/1/2000,T
EST,545905,M,2/1/2000,T
EST,546006,M,2/1/2000,A
EST,546208,M,2/1/2000,A
EST,546410,M,2/1/2000,A
EST,546511,M,2/1/2000,T
EST,546612,M,2/1/2000,A
EST,546713,M,2/1/2000,T
EST,546915,M,2/1/2000,T
EST,547016,F,2/1/2000,T
EST,547622,M,2/1/2000,T
EST,548228,M,6/1/2000,A
EST,548329,M,6/1/2000,A
EST,548430,F,6/1/2000,A
EST,548632,M,6/1/2000,T
EST,549339,M,3/10/2001,T
EST,549440,M,3/10/2001,A
EST,549541,M,3/10/2001,A
EST,549743,M,3/10/2001,A
EST,549844,M,3/10/2001,T
EST,549945,M,3/10/2001,A
EST,550046,M,3/10/2001,A
EST,550248,M,3/10/2001,T
EST,550349,M,3/10/2001,T
EST,550450,M,3/10/2001,T
EST,550854,M,12/1/2000,T
EST,554894,M,8/10/2000,T
EST,555298,F,8/1/2002,T
EST,555399,M,8/1/2000,A
EST,555904,M,10/1/2001,T
EST,556005,M,10/1/2001,T
EST,556308,M,10/1/2001,T
EST,557217,M,8/1/2000,T
EST,557318,F,10/1/2001,T
EST,557520,M,10/1/2001,T
EST,557621,M,10/1/2001,T
EST,557722,M,10/1/2001,T
EST,557823,M,10/1/2001,T
EST,557924,M,10/1/2001,T
EST,558025,M,10/1/2001,A
EST,558126,M,10/1/2001,T
EST,558227,M,10/1/2001,T
EST,558328,M,10/1/2001,T
EST,558429,M,10/1/2001,T
EST,558530,M,10/1/2001,T
EST,558631,M,10/1/2001,A
EST,558732,M,10/1/2001,T
EST,559136,M,1/1/2002,T
EST,562166,M,6/1/2002,A
EST,562267,F,6/1/2002,A
EST,563782,M,4/1/2002,T
EST,563883,F,4/1/2002,A
EST,564590,M,6/1/2002,A
EST,564691,M,6/1/2002,T
EST,564893,F,6/1/2002,T
EST,564994,F,6/1/2002,T
EST,565095,F,5/1/2002,T
EST,565196,M,6/1/2002,A
EST,565297,M,6/1/2002,A
EST,565398,M,6/1/2002,T
EST,565499,F,6/1/2000,T
EST,565600,M,6/1/2002,A
EST,565701,M,6/1/2002,A
EST,565802,F,6/1/2002,T
EST,565903,F,6/1/2002,T
EST,566206,M,6/1/2002,A
EST,567923,M,7/1/2001,A
EST,568024,M,7/1/2002,T
EST,569337,M,1/1/2003,T
EST,569438,F,2/10/2003,A
EST,569943,M,5/31/2003,A
EST,570650,F,9/8/2003,A
EST,570751,M,9/8/2003,A
EST,571155,M,2/25/2004,A
EST,571660,M,6/1/2004,T
EST,571761,M,11/1/2004,A
EST,574589,F,5/1/2005,A
EST,574690,F,5/1/2005,A
EST,575094,F,5/1/2005,A
EST,575296,F,5/1/2005,A
EST,575397,F,5/1/2005,A
EST,575700,F,5/1/2005,A
EST,575801,F,5/1/2005,A
EST,575902,F,5/1/2005,A
EST,576003,F,5/1/2005,A
EST,576306,F,5/1/2005,A
EST,576407,F,5/1/2005,A
EST,576508,F,5/1/2005,A
EST,576609,M,6/1/2005,A
EST,576811,F,6/1/2005,A
EST,576912,F,6/1/2005,A
EST,577114,F,6/1/2005,A
EST,606000,M,NULL,I
EST,606101,M,6/1/1972,A
EST,606202,F,6/1/1972,I
EST,606303,F,6/1/1972,I
EST,606404,M,6/1/1972,I
EST,608929,M,NULL,T
EST,1011010,M,NULL,A
EST,1012525,M,5/1/2003,A
EST,1012929,F,6/1/2002,T
EST,1014848,M,11/15/2002,T
EST,1014949,F,11/15/2002,T
EST,1015656,M,NULL,A
EST,1016161,M,NULL,A
EST,1016767,M,2/1/2003,T
EST,1018282,M,3/1/2003,A
EST,1018686,M,4/26/2003,T
EST,1018787,F,4/29/2003,T
EST,1018989,F,4/29/2003,T
EST,1019090,M,4/29/2003,T
EST,1019805,M,5/9/2003,T
EST,1019696,M,5/31/2003,T
EST,1019898,M,5/1/2003,T
EST,1019999,M,5/1/2003,A
EST,1020201,M,NULL,A
EST,1020504,M,5/1/2003,A
EST,1021716,M,5/1/2003,A
EST,1021817,M,5/1/2003,A
EST,1021918,M,5/1/2003,A
EST,1022019,M,5/1/2003,A
EST,1022827,F,11/17/2003,T
EST,1022928,F,11/17/2003,T
EST,1023332,M,6/1/2004,A
EST,1023837,M,6/1/2004,A
EST,1024241,M,NULL,A
EST,1024342,M,NULL,I
EST,1028281,M,12/1/2004,A
EST,1028786,M,12/1/2004,A
EST,2020101,M,NULL,A
EST,2020202,F,NULL,A
EST,2020303,M,NULL,A
EST,6060000,M,1/1/2002,T
EST,6060101,F,NULL,T
EST,6060202,M,NULL,T
EST,6060303,M,NULL,T
EST,6060404,M,NULL,T
EST,6060505,M,NULL,T
EST,6060606,F,NULL,T
EST,6060707,F,NULL,T
EST,6060808,F,NULL,T
EST,6060909,F,NULL,T
EST,6061010,F,NULL,T
EST,6061111,F,NULL,T
EST,6061212,F,NULL,T
EST,6061313,F,NULL,T
EST,6061616,M,NULL,T
EST,6061717,M,NULL,T
EST,6061818,M,NULL,T
EST,6061919,M,12/1/2001,T
EST,6062020,M,NULL,A
EST,6062222,M,NULL,A
EST,6062323,F,NULL,T
EST,6062424,M,NULL,A
EST,6062525,F,NULL,I
EST,6062727,M,NULL,T
EST,6062828,M,NULL,T
EST,6062929,M,NULL,T
EST,6063333,F,NULL,T
EST,6063434,M,NULL,A
EST,6063535,M,NULL,T
EST,6063636,F,12/1/2001,T
EST,6063737,M,NULL,T
EST,6063838,M,NULL,A
EST,6063939,M,NULL,T
EST,6064040,M,NULL,A
EST,6064141,M,NULL,A
EST,6064242,M,NULL,T
EST,6064848,M,NULL,A
